{"cameraMode":{"drawMode":0,"name":"Shaded","section":"Shading Mode"},"sceneLighting":true,"audioPlay":false,"sceneViewState":{"showFog":true,"showMaterialUpdate":false,"showSkybox":true,"showFlares":true,"showImageEffects":true,"showParticleSystems":true,"showVisualEffectGraphs":true,"m_FxEnabled":true},"in2DMode":false,"pivot":{"x":398.8750305175781,"y":168.41885375976563,"z":-243.39097595214845},"rotation":{"x":0.18120378255844117,"y":-0.32395800948143008,"z":0.06541148573160172,"w":0.9264948964118958},"size":4.676783561706543,"orthographic":false}